{
  "userDetails": {
    "userType": "SA",
    "passwordDate": "2023-10-21T12:13:23.184",
    "groupID": "supergrp",
    "userName": "Super Admin",
    "appLogo": null,
    "appPrimaryColor": null,
    "appSecondaryColor": null,
    "appInfoColor": null,
    "appWarningColor": null,
    "appSuccessColor": null,
    "appDangerColor": null,
    "passwordExpired": true,
    "firstTimeLogin": true
  },
  "menu": [
    {
      "tid": "1001",
      "sid": "0",
      "label": "Dashboard",
      "path": "dashboard",
      "file": null,
      "page": null,
      "submenu": "false",
      "icon": "bank",
      "parentTId": null,
      "module": "Home"
    },
    {
      "tid": "1010",
      "sid": "1",
      "label": "Rbac",
      "path": null,
      "file": null,
      "page": null,
      "submenu": "true",
      "parentMenuID": null,
      "module": "Home"
    },
    {
      "tid": "1014",
      "sid": "1",
      "label": "List User",
      "path": "v2-users-list",
      "file": null,
      "page": "v2-users-list",
      "icon": "person-lines-fill",
      "submenu": "true",
      "parentMenuID": "1010",
      "module": "Home"
    },
    {
      "tid": "1110",
      "sid": "1",
      "label": "NCCRP",
      "path": null,
      "file": null,
      "page": null,
      "submenu": "true",
      "parentTId": null,
      "module": "Home"
    },
    {
      "tid": "1116",
      "sid": "5",
      "label": "Complaint list",
      "path": "v1-cybercrime-txnlist",
      "file": null,
      "page": "POC list",
      "submenu": "true",
      "icon": "card-list",
      "parentTId": "1110",
      "module": "Home"
    },
    {
      "tid": "1113",
      "sid": "2",
      "label": "Suspected Chain",
      "path": "v1-cybercrime-list",
      "file": null,
      "page": "POC list",
      "submenu": "true",
      "icon": "person-lines-fill",
      "parentTId": "1110",
      "module": "Home"
    },
    {
      "tid": "1114",
      "sid": "3",
      "label": "DemoGraphic View",
      "path": "v1-cybercrime-demolist",
      "file": null,
      "page": "POC list",
      "submenu": "true",
      "icon": "people",
      "parentTId": "1110",
      "module": "Home"
    },
    {
      "tid": "1417",
      "sid": "6",
      "label": "Transaction Search",
      "path": "pom",
      "file": null,
      "page": null,
      "submenu": "false",
      "icon": "sliders",
      "parentTId": "1110",
      "module": "Home"
    },
    {
      "tid": "1115",
      "sid": "4",
      "label": "File Upload",
      "path": "v1-cybercrime-fileupload",
      "file": null,
      "page": "POC list",
      "submenu": "true",
      "icon": "file-check",
      "parentTId": "1110",
      "module": "Home"
    },
    {
      "tid": "1401",
      "sid": "0",
      "label": "General Settings",
      "path": null,
      "file": null,
      "page": null,
      "submenu": "false",
      "parentTId": null,
      "module": "Home"
    },
    {
      "tid": "1402",
      "sid": "1",
      "label": "SMS Settings",
      "path": "pom",
      "file": null,
      "page": null,
      "submenu": "true",
      "icon": "sliders",
      "parentTId": "1401",
      "module": "Home"
    },
    {
      "tid": "1403",
      "sid": "2",
      "label": "SMS config",
      "path": "pom",
      "file": null,
      "page": "smsConfig",
      "submenu": "true",
      "parentTId": "1402",
      "module": "Home"
    },
    {
      "tid": "1404",
      "sid": "3",
      "label": "SMS Template Mapping",
      "path": "smsMapping",
      "file": null,
      "page": "smsMapping",
      "submenu": "true",
      "parentTId": "1402",
      "module": "Home"
    },
    {
      "tid": "1405",
      "sid": "4",
      "label": "EMAIL Settings",
      "path": "pom",
      "file": null,
      "page": "pom",
      "icon": "envelope",
      "submenu": "false",
      "parentTId": "1401",
      "module": "Home"
    },
    {
      "tid": "1406",
      "sid": "5",
      "label": "Report config",
      "path": "v1-cybercrime-reports",
      "file": null,
      "page": "pom",
      "submenu": "false",
      "parentTId": "1401",
      "module": "Home"
    }
  ],
  "modules": ["Case Manager", "Home", "Rule Manager", "reports"]
}
