[
  {
    "title": "Create User",
    "subTitle": "Lorem ipsum dolor sit amet, consectetur adipiscing elit, sed do eiusmod tempor incididunt ut labore et dolore magna aliqua. Ut enim ad minim veniam, quis nostrud exercitation ullamco laboris nisi ut aliquip ex ea commodo consequat. Duis aute irure dolor in reprehenderit in voluptate velit esse cillum dolore eu fugiat nulla pariatur.",
    "collapsible": false,
    "isCollapsed": false,
    "layout": 1,

    "data": [
      {
        "type": "text",
        "name": "userId",
        "label": "user Id",
        "id": "userId",
        "value": "",
        "grid": "4",
        "hidden": true,
        "disabled": true,
        "placeholder": "Enter your userId",
        "tooltip": "Please enter a userId",
        "validationType": "string",
        "validations": []
      },
      {
        "type": "text",
        "name": "userName",
        "label": "user Name",
        "id": "userName",
        "value": "",
        "placeholder": "Enter your username",
        "tooltip": "Please enter a username",
        "validationType": "string",
        "validations": []
      },

      {
        "type": "text",
        "name": "email",
        "label": "Email",
        "id": "femail",
        "value": "",
        "placeholder": "Enter your email",
        "tooltip": "Please enter a email which will be used for login",
        "validationType": "string",
        "validations": []
      },
      {
        "type": "number",
        "name": "mobileNo",
        "label": "Phone Number",
        "id": "fphone",
        "value": "",
        "placeholder": "Enter your phone number",
        "tooltip": "Please enter your phone number without dashes and country code",
        "validationType": "number",
        "validations": []
      },
      {
        "type": "text",
        "name": "firstName",
        "label": "First Name",
        "id": "fname",
        "value": "",
        "placeholder": "Enter your first Name",
        "tooltip": "Please enter your first Name",
        "validationType": "string",
        "validations": []
      },
      {
        "type": "text",
        "name": "lastName",
        "label": "Last Name",
        "id": "lname",
        "value": "",
        "placeholder": "Enter your last name",
        "tooltip": "Please enter your last name",
        "validationType": "string",
        "validations": []
      },
      {
        "type": "password",
        "name": "password",
        "label": "Password",
        "id": "upassword",
        "value": "",
        "placeholder": "Enter your password",
        "tooltip": "Please enter your password",
        "validationType": "string",
        "validations": []
      },
      {
        "type": "password",
        "name": "confPassword",
        "label": "Confirm Password",
        "id": "ucpassword",
        "value": "",
        "placeholder": "Enter your confirm password",
        "tooltip": "Please enter your confirm password",
        "validationType": "string",
        "validations": [
          {
            "type": "passwordMatch",
            "params": ["upassword", "The entered password does not match"]
          }
        ]
      },

      {
        "type": "select",
        "name": "instid",
        "label": "Institution Id",
        "id": "instid",
        "value": "",
        "placeholder": "Enter your Institution Id",
        "tooltip": "Please enter a valid institution Id",
        "url": "/app/rest/v1.0/fetch/instlist",
        "dataMap": {
          "name": "orgID",
          "value": "orgName"
        },
        "rData": null,
        "data": [],
        "validationType": "string",
        "validations": []
      },
      {
        "type": "select",
        "name": "userType",
        "label": "User Type",
        "id": "userType",
        "value": "",
        "placeholder": "Enter your userType",
        "tooltip": "Please enter a valid user type",
        "url": "/app/rest/v1.0/fetch/usertype",
        "dataMap": {
          "name": "id",
          "value": "propertyValue"
        },
        "rData": null,
        "data": [],
        "validationType": "string",
        "validations": []
      }
    ]
  }
]
